{"cameraMode":{"drawMode":0,"name":"Shaded","section":"Shading Mode"},"sceneLighting":true,"audioPlay":false,"sceneViewState":{"m_AlwaysRefresh":false,"showFog":true,"showSkybox":true,"showFlares":true,"showImageEffects":true,"showParticleSystems":true,"showVisualEffectGraphs":true,"m_FxEnabled":true},"in2DMode":false,"pivot":{"x":18.337059020996095,"y":-5.828886032104492,"z":140.71185302734376},"rotation":{"x":0.03295592963695526,"y":0.04795601963996887,"z":-0.0015816539525985718,"w":0.9983080625534058},"size":87.06970977783203,"orthographic":false}